dataset,method,seed,steps,selected_step,stop_reason,training_rows,training_seconds,elapsed_seconds,train_accuracy,train_loss,train_balanced_accuracy,validation_accuracy,validation_loss,validation_balanced_accuracy,test_accuracy,test_loss,test_balanced_accuracy
new-thyroid,backprop_adam,22,2000,2000,perfect_train_fit,129,1.6917568311328068,2.430045989982318,1.0,0.00908254086971283,1.0,1.0,0.01749056950211525,1.0,0.9767441860465116,0.06375299394130707,0.9888888888888889
tabular-benchmark,backprop_adam,11,72000,72000,training_loss_plateau_after_lr_reductions,34951,77.46470040944405,142.42069813999115,0.7622671740436612,0.48118503519432837,0.7622669618272319,0.6115879828326181,0.7858928026150225,0.6115879828326181,0.6113638314307784,0.7839420619373946,0.6113637991009666
blog-feedback,backprop_adam,22,108500,108400,training_loss_plateau_after_lr_reductions,41917,133.4524514793884,249.87287649000064,0.9348951499391654,0.1981740022591798,0.9828707355635985,0.6061068702290077,10.95020062832432,0.1332101881360396,0.6171301154249738,11.4702933032265,0.008007995496633577
iris,backprop_adam,11,8300,8300,perfect_train_fit,90,7.715375796600711,11.003991172998212,1.0,0.007971667684614658,1.0,0.9666666666666667,0.037875156849622726,0.9666666666666666,0.9333333333333333,0.5300495028495789,0.9333333333333332
diabetes-readmission,backprop_adam,33,133400,133400,training_loss_plateau_after_lr_reductions,65128,161.59099724062253,314.5836953240214,0.8123541333988453,0.3504179046592143,0.813843868408151,0.584019162265078,5.243787941571287,0.5837547756390539,0.5830098756940009,4.951149002817967,0.5831113831019856
adult_income_dataset,backprop_adam,22,143500,143300,training_loss_plateau_after_lr_reductions,29305,174.80222672771197,316.36077677598223,0.9795256782119093,0.05007817453872098,0.9699244202139177,0.829033579033579,2.476214244070842,0.7505022242284127,0.8232162964479476,2.8371862548316975,0.7452867780788845
iris,backprop_adam,33,4200,4200,perfect_train_fit,90,4.221229970979039,6.3119135739980265,1.0,0.008193805813789368,1.0,0.9666666666666667,0.041845716536045074,0.9666666666666666,0.9333333333333333,0.35491278767585754,0.9333333333333332
higgs,backprop_adam,22,66800,66500,training_loss_plateau_after_lr_reductions,6600000,82.0465085261967,3218.3213717190083,0.7465351515151515,0.5073221484883627,0.7452500383430684,0.7459395454545454,0.5082321356400576,0.7446525445062606,0.7454809090909091,0.5089003263577548,0.7442025847579967
topquark,backprop_adam,33,15500,15200,training_loss_plateau_after_lr_reductions,1211000,21.404737027187366,364.83190170500893,0.7169950454170108,0.5344755911307331,0.7170007244295673,0.7165930521091811,0.5352236945469385,0.7165952746202331,0.7170074257425743,0.5341260398826977,0.7169438534338972
red-wine,backprop_adam,22,11300,11300,perfect_train_fit,959,11.72509088285733,19.224401992047206,1.0,0.00965165626257658,1.0,0.584375,6.010992527008057,0.342156862745098,0.634375,5.045936107635498,0.31657446788129584
iris,backprop_adam,22,7600,7600,perfect_train_fit,90,7.145919510396197,10.219026594015304,1.0,0.009198061190545559,1.0,0.9333333333333333,0.12713061273097992,0.9333333333333332,0.9666666666666667,0.18029728531837463,0.9666666666666666
titanic,backprop_adam,33,60300,59800,training_loss_plateau_after_lr_reductions,785,64.52814246632624,104.47194919700269,0.9464968152866242,0.1248704195022583,0.9344501718213059,0.7748091603053435,7.7422637939453125,0.7470987654320987,0.7557251908396947,14.032596588134766,0.7469753086419753
titanic,backprop_adam,11,89400,88900,training_loss_plateau_after_lr_reductions,785,95.32867450866615,153.1328996369848,0.9490445859872612,0.11622539907693863,0.9409621993127147,0.7748091603053435,5.978695392608643,0.750925925925926,0.7557251908396947,11.991691589355469,0.7488888888888889
tabular-benchmark,backprop_adam,22,82800,82700,training_loss_plateau_after_lr_reductions,34951,89.26434459444135,166.32932118501049,0.7872736116277074,0.4368982438890928,0.7872733945200464,0.6026609442060086,0.9052206553410052,0.6026609442060086,0.6099047292077934,0.9021107968255978,0.6099053819713023
red-wine,backprop_adam,11,15300,15300,perfect_train_fit,959,15.655969533254392,25.657969250984024,1.0,0.009709551930427551,1.0,0.590625,6.9389519691467285,0.3362438725490196,0.625,6.380163192749023,0.3097831292986187
topquark,backprop_adam,22,16100,16000,training_loss_plateau_after_lr_reductions,1211000,22.762218469404615,358.51845623902045,0.7169801816680429,0.5343527371767235,0.7169858906044593,0.7167047146401985,0.5350009262638707,0.7167069465719353,0.7173811881188119,0.5340284336864358,0.7173174398902016
red-wine,backprop_adam,33,13300,13300,perfect_train_fit,959,13.870221804303583,26.256139597971924,1.0,0.00953663233667612,1.0,0.61875,6.358415126800537,0.3627144607843137,0.6375,5.902968406677246,0.32563415783212896
new-thyroid,backprop_adam,33,2000,2000,perfect_train_fit,129,1.7535917045897804,2.6648657229961827,1.0,0.0053630005568265915,1.0,1.0,0.0156408678740263,1.0,0.9767441860465116,0.03037717193365097,0.9888888888888889
tabular-benchmark,backprop_adam,33,79600,79500,training_loss_plateau_after_lr_reductions,34951,84.58403317286866,162.09175485698506,0.7884180710137049,0.43314970620595783,0.788417675448463,0.6068669527896996,0.9462110085241784,0.6068669527896995,0.6019225817526392,0.9435572092312722,0.6019227408877476
diabetes-readmission,backprop_adam,22,160200,160200,training_loss_plateau_after_lr_reductions,65128,195.60903050476918,378.3373582040076,0.8507861442083282,0.27903076796211873,0.8490111760818064,0.5662080825451419,8.98058751003995,0.5626342324917116,0.5753451579619712,8.366193307106169,0.5726272753179987
blog-feedback,backprop_adam,33,115600,115600,training_loss_plateau_after_lr_reductions,41917,143.69284804543713,265.48168916703435,0.9371615335066918,0.19040345799273956,0.9847097744815688,0.601145038167939,11.108570234284146,0.13665282676641236,0.6059811122770199,12.067402770611823,0.008072906687576018
new-thyroid,backprop_adam,11,2000,2000,perfect_train_fit,129,1.715014488552697,2.4361797989695333,1.0,0.008325200527906418,1.0,0.9767441860465116,0.028702862560749054,0.9523809523809523,0.9767441860465116,0.044435665011405945,0.9888888888888889
higgs,backprop_adam,11,65100,65000,training_loss_plateau_after_lr_reductions,6600000,78.21548423613422,3150.9375404790044,0.744045,0.510089442429398,0.7427212284508102,0.7437959090909091,0.510718167364814,0.7424830237559294,0.743065,0.5113873449576984,0.7417552546046228
blog-feedback,backprop_adam,11,128700,128400,training_loss_plateau_after_lr_reductions,41917,160.8626152186771,295.68004142300924,0.9443662475845123,0.16880773445800404,0.9866365577888665,0.607824427480916,12.49384237245749,0.13375643216599675,0.6033578174186779,13.783772872852754,0.007600676484995474
adult_income_dataset,backprop_adam,33,155800,155700,training_loss_plateau_after_lr_reductions,29305,186.56489413010422,345.4653082289733,0.9740999829380652,0.061169516307525394,0.9616171349784308,0.8276003276003276,2.446490448093336,0.7523468369417987,0.8239328488074521,2.4088486093912973,0.7481029347959598
adult_income_dataset,backprop_adam,11,127400,127300,training_loss_plateau_after_lr_reductions,29305,153.89423580520088,279.56540722498903,0.9781948472956833,0.054338137289349324,0.9679743953045203,0.8276003276003276,2.406958933056231,0.7544001303217673,0.8245470365441704,2.541337603177467,0.7492395104824666
diabetes-readmission,backprop_adam,11,160600,160400,training_loss_plateau_after_lr_reductions,65128,195.72738043253776,381.47017837298336,0.8796830856160177,0.22800315738624855,0.880375995402776,0.573209679400565,11.148541480606655,0.5714316798235475,0.5769174077531568,10.907456808896614,0.5755325201373971
higgs,backprop_adam,33,62700,62600,training_loss_plateau_after_lr_reductions,6600000,75.10521686897846,3050.1166633719695,0.74484,0.5091488201592185,0.743563663173599,0.7445227272727273,0.5098093927218698,0.7432716637019412,0.7438,0.5103648343164271,0.7425517226176734
titanic,backprop_adam,22,64000,64000,training_loss_plateau_after_lr_reductions,785,68.87711566634243,111.16005333699286,0.9426751592356688,0.12840339541435242,0.9319931271477664,0.7748091603053435,5.8527750968933105,0.7528395061728395,0.7786259541984732,12.565427780151367,0.7654938271604939
topquark,backprop_adam,11,17400,17400,training_loss_plateau_after_lr_reductions,1211000,24.054570642998442,364.5152406540001,0.7167076796036334,0.5345747554548312,0.7167131717954023,0.716727047146402,0.5351975658111477,0.7167291962132779,0.7169925742574258,0.5341875346297085,0.7169310758607548
breast-cancer-wisconsin,backprop_adam,11,2300,2300,perfect_train_fit,341,2.1320462184376083,2.924141408992,1.0,0.007167972158640623,1.0,0.9824561403508771,0.051859695464372635,0.981329839502129,0.9736842105263158,0.26733899116516113,0.9742063492063492
breast-cancer-wisconsin,backprop_adam,33,2000,2000,perfect_train_fit,341,1.886176369676832,2.659604239044711,1.0,0.002772519364953041,1.0,0.9912280701754386,0.012876366265118122,0.9883720930232558,0.9824561403508771,0.2456764131784439,0.9811507936507937
breast-cancer-wisconsin,backprop_adam,22,2000,2000,perfect_train_fit,341,1.859316373069305,2.55587550700875,1.0,0.005873497109860182,1.0,0.9824561403508771,0.06132814288139343,0.981329839502129,0.9736842105263158,0.25904539227485657,0.9742063492063492
