dataset,method,seeds,train_accuracy_mean,train_accuracy_sd,train_loss_mean,train_loss_sd,train_balanced_accuracy_mean,train_balanced_accuracy_sd,validation_accuracy_mean,validation_accuracy_sd,validation_loss_mean,validation_loss_sd,validation_balanced_accuracy_mean,validation_balanced_accuracy_sd,test_accuracy_mean,test_accuracy_sd,test_loss_mean,test_loss_sd,test_balanced_accuracy_mean,test_balanced_accuracy_sd,minimum_steps,maximum_steps
iris,backprop_adam,3,1.0,0.0,0.008454511562983194,0.0006534415609634939,1.0,0.0,0.9555555555555556,0.01924500897298752,0.06895049537221591,0.05042455629914383,0.9555555555555555,0.01924500897298752,0.9444444444444444,0.01924500897298752,0.3550865252812703,0.17487617349303292,0.9444444444444443,0.01924500897298752,4200,8300
new-thyroid,backprop_adam,3,1.0,0.0,0.007590247318148613,0.001965670928766165,1.0,0.0,0.9922480620155039,0.01342675044627039,0.020611433312296867,0.007068151773290481,0.9841269841269841,0.02749286996141078,0.9767441860465116,0.0,0.04618861029545466,0.016756819105914367,0.9888888888888889,0.0,2000,2000
breast-cancer-wisconsin,backprop_adam,3,1.0,0.0,0.005271329544484615,0.0022587509043665585,1.0,0.0,0.9853801169590642,0.005064476045523049,0.0420214015369614,0.025680492301939296,0.9836772573425047,0.00406584696612412,0.9766081871345029,0.005064476045522985,0.25735359887282055,0.01092993343731017,0.9765211640211641,0.004009376869372451,2000,2300
red-wine,backprop_adam,3,1.0,0.0,0.009632613509893417,8.80185565554447e-05,1.0,0.0,0.5979166666666667,0.018310828990882266,6.4361198743184405,0.46883440829752954,0.34703839869281045,0.013894065470092939,0.6322916666666667,0.006505206248331651,5.776355902353923,0.6760647331068981,0.3173305850040145,0.007952519174449724,11300,15300
titanic,backprop_adam,3,0.9460721868365181,0.0032058744948071116,0.12316640466451645,0.006265273228195974,0.9358018327605957,0.004634792805090018,0.7748091603053435,0.0,6.524578094482422,1.0564245487613306,0.7502880658436214,0.002923042109951254,0.7633587786259542,0.013221761889838715,12.863238652547201,1.052540635936901,0.7537860082304527,0.010184312220975817,60300,89400
tabular-benchmark,backprop_adam,3,0.7793196188950244,0.01477893275504491,0.45041099509645965,0.02671692425503717,0.7793193439319137,0.0147788750009546,0.6070386266094421,0.004465994691614979,0.879108155493402,0.08328792693242482,0.6070386266094421,0.004465994691614981,0.6077303807970703,0.005082336286556722,0.8765366893314215,0.08282375892220978,0.6077306406533388,0.005082373451094563,72000,82800
adult_income_dataset,backprop_adam,3,0.9772735028152193,0.002827755123753577,0.05519527604519857,0.0055951300872446605,0.9665053168322896,0.004344121391502922,0.8280780780780781,0.0008274881008040827,2.443221208406803,0.03474320756678387,0.7524163971639929,0.0019498838289848262,0.8238987272665234,0.0006660259083476286,2.5957908224668205,0.2192992235362162,0.747543074452437,0.0020349707778661175,127400,155800
diabetes-readmission,backprop_adam,3,0.8476077877410637,0.03377681770149938,0.2858172766691939,0.061488902354810526,0.8477436799642445,0.033284168765544554,0.5744789747369283,0.008973125051266427,8.457638977405963,2.9869106054627252,0.572606895984771,0.01060920286726986,0.5784241471363762,0.004048416005628755,8.074933039606917,2.988816668475361,0.5770903928524604,0.005412887820176758,133400,160600
blog-feedback,backprop_adam,3,0.9388076436767898,0.004945470823996292,0.1857950649033078,0.015215859696140567,0.9847390226113446,0.0018830814767030514,0.6050254452926209,0.0034685256692660402,11.517537745021984,0.8492044966831913,0.1345398156894829,0.0018501912045747805,0.6088230150402238,0.007312753009652725,12.440489648897026,1.2010171913136667,0.00789385955640169,0.0002559699214688673,108500,128700
higgs,backprop_adam,3,0.7451400505050505,0.0012719026579454363,0.5088534703589931,0.001407090106351636,0.7438449766558258,0.0012876617662482578,0.7447527272727272,0.0010901693514660978,0.5095865652422471,0.001257905997433832,0.7434690773213771,0.0010981503423409113,0.744115303030303,0.0012384329552192514,0.5102175018772934,0.001250038205349004,0.7428365206600976,0.0012482742742001196,62700,66800
topquark,backprop_adam,3,0.7168943022295623,0.0001617907171002603,0.5344676945874293,0.00011121958236117448,0.7168999289431429,0.00016190640742727653,0.7166749379652605,7.178896348135092e-05,0.5351407288739857,0.00012177542878066736,0.7166771391351487,7.17642720074138e-05,0.7171270627062707,0.00022020430428859868,0.5341140027329473,8.02305881079418e-05,0.7170641230616178,0.0002194718167023714,15500,17400
